number,english_word
1,One
2,Two
3,Three
4,Four
5,Five
6,Six
7,Seven
8,Eight
9,Nine
10,Ten
11,Eleven
12,Twelve
13,Thirteen
14,Fourteen
15,Fifteen
16,Sixteen
17,Seventeen
18,Eighteen
19,Nineteen
20,Twenty
21,Twenty-one
22,Twenty-two
23,Twenty-three
24,Twenty-four
25,Twenty-five
26,Twenty-six
27,Twenty-seven
28,Twenty-eight
29,Twenty-nine
30,Thirty
31,Thirty-one
32,Thirty-two
33,Thirty-three
34,Thirty-four
35,Thirty-five
36,Thirty-six
37,Thirty-seven
38,Thirty-eight
39,Thirty-nine
40,Forty
41,Forty-one
42,Forty-two
43,Forty-three
44,Forty-four
45,Forty-five
46,Forty-six
47,Forty-seven
48,Forty-eight
49,Forty-nine
50,Fifty
51,Fifty-one
52,Fifty-two
53,Fifty-three
54,Fifty-four
55,Fifty-five
56,Fifty-six
57,Fifty-seven
58,Fifty-eight
59,Fifty-nine
60,Sixty
61,Sixty-one
62,Sixty-two
63,Sixty-three
64,Sixty-four
65,Sixty-five
66,Sixty-six
67,Sixty-seven
68,Sixty-eight
69,Sixty-nine
70,Seventy
71,Seventy-one
72,Seventy-two
73,Seventy-three
74,Seventy-four
75,Seventy-five
76,Seventy-six
77,Seventy-seven
78,Seventy-eight
79,Seventy-nine
80,Eighty
81,Eighty-one
82,Eighty-two
83,Eighty-three
84,Eighty-four
85,Eighty-five
86,Eighty-six
87,Eighty-seven
88,Eighty-eight
89,Eighty-nine
90,Ninety
91,Ninety-one
92,Ninety-two
93,Ninety-three
94,Ninety-four
95,Ninety-five
96,Ninety-six
97,Ninety-seven
98,Ninety-eight
99,Ninety-nine
100,One Hundred
101,One Hundred One
102,One Hundred Two
103,One Hundred Three
104,One Hundred Four
105,One Hundred Five
106,One Hundred Six
107,One Hundred Seven
108,One Hundred Eight
109,One Hundred Nine
110,One Hundred Ten
111,One Hundred Eleven
112,One Hundred Twelve
113,One Hundred Thirteen
114,One Hundred Fourteen
115,One Hundred Fifteen
116,One Hundred Sixteen
117,One Hundred Seventeen
118,One Hundred Eighteen
119,One Hundred Nineteen
120,One Hundred Twenty
121,One Hundred Twenty One
122,One Hundred Twenty Two
123,One Hundred Twenty Three
124,One Hundred Twenty Four
125,One Hundred Twenty Five
126,One hundred twenty-Six
127,One hundred twenty-Seven
128,One hundred twenty-Eight
129,One hundred twenty-Nine
130,One hundred thirty
131,One hundred thirty-One
132,One hundred thirty-Two
133,One hundred thirty-Three
134,One hundred thirty-Four
135,One hundred thirty-Five
136,One hundred thirty-Six
137,One hundred thirty-Seven
138,One hundred thirty-Eight
139,One hundred thirty-Nine
140,One hundred forty
141,One hundred forty-One
142,One hundred forty-Two
143,One hundred forty-Three
144,One hundred forty-Four
145,One hundred forty-Five
146,One hundred forty-Six
147,One hundred forty-Seven
148,One hundred forty-Eight
149,One hundred forty-Nine
150,One hundred fifty
151,One hundred fifty-One
152,One hundred fifty-Two
153,One hundred fifty-Three
154,One hundred fifty-Four
155,One hundred fifty-Five
156,One hundred fifty-Six
157,One hundred fifty-Seven
158,One hundred fifty-Eight
159,One hundred fifty-Nine
160,One hundred Sixty
161,One hundred Sixty-One
162,One hundred Sixty-Two
163,One hundred Sixty-Three
164,One hundred Sixty-Four
165,One hundred Sixty-Five
166,One hundred Sixty-Six
167,One hundred Sixty-Seven
168,One hundred Sixty-Eight
169,One hundred Sixty-Nine
170,One hundred Seventy
171,One hundred Seventy-One
172,One hundred Seventy-Two
173,One hundred Seventy-Three
174,One hundred Seventy-Four
175,One hundred Seventy-Five
176,One hundred Seventy-Six
177,One hundred Seventy-Seven
178,One hundred Seventy-Eight
179,One hundred Seventy-Nine
180,One hundred eighty
181,One hundred eighty-One
182,One hundred eighty-Two
183,One hundred eighty-Three
184,One hundred eighty-Four
185,One hundred eighty-Five
186,One hundred eighty-Six
187,One hundred eighty-Seven
188,One hundred eighty-Eight
189,One hundred eighty-Nine
190,One hundred Ninety
191,One hundred Ninety-One
192,One hundred Ninety-Two
193,One hundred Ninety-Three
194,One hundred Ninety-Four
195,One hundred Ninety-Five
196,One hundred Ninety-Six
197,One hundred Ninety-Seven
198,One hundred Ninety-Eight
199,One hundred Ninety-Nine
200,Two hundred
201,Two hundred One
202,Two hundred Two
203,Two hundred Three
204,Two hundred Four
205,Two hundred Five
206,Two hundred Six
207,Two hundred Seven
208,Two hundred Eight
209,Two hundred Nine
210,Two hundred ten
211,Two hundred eleven
212,Two hundred twelve
213,Two hundred thirteen
214,Two hundred Fourteen
215,Two hundred fifteen
216,Two hundred Sixteen
217,Two hundred Seventeen
218,Two hundred eighteen
219,Two hundred Nineteen
220,Two hundred twenty
221,Two hundred twenty-One
222,Two hundred twenty-Two
223,Two hundred twenty-Three
224,Two hundred twenty-Four
225,Two hundred twenty-Five
226,Two hundred twenty-Six
227,Two hundred twenty-Seven
228,Two hundred twenty-Eight
229,Two hundred twenty-Nine
230,Two hundred thirty
231,Two hundred thirty-One
232,Two hundred thirty-Two
233,Two hundred thirty-Three
234,Two hundred thirty-Four
235,Two hundred thirty-Five
236,Two hundred thirty-Six
237,Two hundred thirty-Seven
238,Two hundred thirty-Eight
239,Two hundred thirty-Nine
240,Two hundred forty
241,Two hundred forty-One
242,Two hundred forty-Two
243,Two hundred forty-Three
244,Two hundred forty-Four
245,Two hundred forty-Five
246,Two hundred forty-Six
247,Two hundred forty-Seven
248,Two hundred forty-Eight
249,Two hundred forty-Nine
250,Two hundred fifty
251,Two hundred fifty-One
252,Two hundred fifty-Two
253,Two hundred fifty-Three
254,Two hundred fifty-Four
255,Two hundred fifty-Five
256,Two hundred fifty-Six
257,Two hundred fifty-Seven
258,Two hundred fifty-Eight
259,Two hundred fifty-Nine
260,Two hundred Sixty
261,Two hundred Sixty-One
262,Two hundred Sixty-Two
263,Two hundred Sixty-Three
264,Two hundred Sixty-Four
265,Two hundred Sixty-Five
266,Two hundred Sixty-Six
267,Two hundred Sixty-Seven
268,Two hundred Sixty-Eight
269,Two hundred Sixty-Nine
270,Two hundred Seventy
271,Two hundred Seventy-One
272,Two hundred Seventy-Two
273,Two hundred Seventy-Three
274,Two hundred Seventy-Four
275,Two hundred Seventy-Five
276,Two hundred Seventy-Six
277,Two hundred Seventy-Seven
278,Two hundred Seventy-Eight
279,Two hundred Seventy-Nine
280,Two hundred eighty
281,Two hundred eighty-One
282,Two hundred eighty-Two
283,Two hundred eighty-Three
284,Two hundred eighty-Four
285,Two hundred eighty-Five
286,Two hundred eighty-Six
287,Two hundred eighty-Seven
288,Two hundred eighty-Eight
289,Two hundred eighty-Nine
290,Two hundred Ninety
291,Two hundred Ninety-One
292,Two hundred Ninety-Two
293,Two hundred Ninety-Three
294,Two hundred Ninety-Four
295,Two hundred Ninety-Five
296,Two hundred Ninety-Six
297,Two hundred Ninety-Seven
298,Two hundred Ninety-Eight
299,Two hundred Ninety-Nine
300,Three hundred
301,Three hundred One
302,Three hundred Two
303,Three hundred Three
304,Three hundred Four
305,Three hundred Five
306,Three hundred Six
307,Three hundred Seven
308,Three hundred Eight
309,Three hundred Nine
310,Three hundred ten
311,Three hundred eleven
312,Three hundred twelve
313,Three hundred thirteen
314,Three hundred Fourteen
315,Three hundred fifteen
316,Three hundred Sixteen
317,Three hundred Seventeen
318,Three hundred eighteen
319,Three hundred Nineteen
320,Three hundred twenty
321,Three hundred twenty-One
322,Three hundred twenty-Two
323,Three hundred twenty-Three
324,Three hundred twenty-Four
325,Three hundred twenty-Five
326,Three hundred twenty-Six
327,Three hundred twenty-Seven
328,Three hundred twenty-Eight
329,Three hundred twenty-Nine
330,Three hundred thirty
331,Three hundred thirty-One
332,Three hundred thirty-Two
333,Three hundred thirty-Three
334,Three hundred thirty-Four
335,Three hundred thirty-Five
336,Three hundred thirty-Six
337,Three hundred thirty-Seven
338,Three hundred thirty-Eight
339,Three hundred thirty-Nine
340,Three hundred forty
341,Three hundred forty-One
342,Three hundred forty-Two
343,Three hundred forty-Three
344,Three hundred forty-Four
345,Three hundred forty-Five
346,Three hundred forty-Six
347,Three hundred forty-Seven
348,Three hundred forty-Eight
349,Three hundred forty-Nine
350,Three hundred fifty
351,Three hundred fifty-One
352,Three hundred fifty-Two
353,Three hundred fifty-Three
354,Three hundred fifty-Four
355,Three hundred fifty-Five
356,Three hundred fifty-Six
357,Three hundred fifty-Seven
358,Three hundred fifty-Eight
359,Three hundred fifty-Nine
360,Three hundred Sixty
361,Three hundred Sixty-One
362,Three hundred Sixty-Two
363,Three hundred Sixty-Three
364,Three hundred Sixty-Four
365,Three hundred Sixty-Five
366,Three hundred Sixty-Six
367,Three hundred Sixty-Seven
368,Three hundred Sixty-Eight
369,Three hundred Sixty-Nine
370,Three hundred Seventy
371,Three hundred Seventy-One
372,Three hundred Seventy-Two
373,Three hundred Seventy-Three
374,Three hundred Seventy-Four
375,Three hundred Seventy-Five
376,Three hundred Seventy-Six
377,Three hundred Seventy-Seven
378,Three hundred Seventy-Eight
379,Three hundred Seventy-Nine
380,Three hundred eighty
381,Three hundred eighty-One
382,Three hundred eighty-Two
383,Three hundred eighty-Three
384,Three hundred eighty-Four
385,Three hundred eighty-Five
386,Three hundred eighty-Six
387,Three hundred eighty-Seven
388,Three hundred eighty-Eight
389,Three hundred eighty-Nine
390,Three hundred Ninety
391,Three hundred Ninety-One
392,Three hundred Ninety-Two
393,Three hundred Ninety-Three
394,Three hundred Ninety-Four
395,Three hundred Ninety-Five
396,Three hundred Ninety-Six
397,Three hundred Ninety-Seven
398,Three hundred Ninety-Eight
399,Three hundred Ninety-Nine
400,Four hundred
401,Four hundred One
402,Four hundred Two
403,Four hundred Three
404,Four hundred Four
405,Four hundred Five
406,Four hundred Six
407,Four hundred Seven
408,Four hundred Eight
409,Four hundred Nine
410,Four hundred ten
411,Four hundred eleven
412,Four hundred twelve
413,Four hundred thirteen
414,Four hundred Fourteen
415,Four hundred fifteen
416,Four hundred Sixteen
417,Four hundred Seventeen
418,Four hundred eighteen
419,Four hundred Nineteen
420,Four hundred twenty
421,Four hundred twenty-One
422,Four hundred twenty-Two
423,Four hundred twenty-Three
424,Four hundred twenty-Four
425,Four hundred twenty-Five
426,Four hundred twenty-Six
427,Four hundred twenty-Seven
428,Four hundred twenty-Eight
429,Four hundred twenty-Nine
430,Four hundred thirty
431,Four hundred thirty-One
432,Four hundred thirty-Two
433,Four hundred thirty-Three
434,Four hundred thirty-Four
435,Four hundred thirty-Five
436,Four hundred thirty-Six
437,Four hundred thirty-Seven
438,Four hundred thirty-Eight
439,Four hundred thirty-Nine
440,Four hundred forty
441,Four hundred forty-One
442,Four hundred forty-Two
443,Four hundred forty-Three
444,Four hundred forty-Four
445,Four hundred forty-Five
446,Four hundred forty-Six
447,Four hundred forty-Seven
448,Four hundred forty-Eight
449,Four hundred forty-Nine
450,Four hundred fifty
451,Four hundred fifty-One
452,Four hundred fifty-Two
453,Four hundred fifty-Three
454,Four hundred fifty-Four
455,Four hundred fifty-Five
456,Four hundred fifty-Six
457,Four hundred fifty-Seven
458,Four hundred fifty-Eight
459,Four hundred fifty-Nine
460,Four hundred Sixty
461,Four hundred Sixty-One
462,Four hundred Sixty-Two
463,Four hundred Sixty-Three
464,Four hundred Sixty-Four
465,Four hundred Sixty-Five
466,Four hundred Sixty-Six
467,Four hundred Sixty-Seven
468,Four hundred Sixty-Eight
469,Four hundred Sixty-Nine
470,Four hundred Seventy
471,Four hundred Seventy-One
472,Four hundred Seventy-Two
473,Four hundred Seventy-Three
474,Four hundred Seventy-Four
475,Four hundred Seventy-Five
476,Four hundred Seventy-Six
477,Four hundred Seventy-Seven
478,Four hundred Seventy-Eight
479,Four hundred Seventy-Nine
480,Four hundred eighty
481,Four hundred eighty-One
482,Four hundred eighty-Two
483,Four hundred eighty-Three
484,Four hundred eighty-Four
485,Four hundred eighty-Five
486,Four hundred eighty-Six
487,Four hundred eighty-Seven
488,Four hundred eighty-Eight
489,Four hundred eighty-Nine
490,Four hundred Ninety
491,Four hundred Ninety-One
492,Four hundred Ninety-Two
493,Four hundred Ninety-Three
494,Four hundred Ninety-Four
495,Four hundred Ninety-Five
496,Four hundred Ninety-Six
497,Four hundred Ninety-Seven
498,Four hundred Ninety-Eight
499,Four hundred Ninety-Nine
500,Five hundred
501,Five hundred One
502,Five hundred Two
503,Five hundred Three
504,Five hundred Four
505,Five hundred Five
506,Five hundred Six
507,Five hundred Seven
508,Five hundred Eight
509,Five hundred Nine
510,Five hundred ten
511,Five hundred eleven
512,Five hundred twelve
513,Five hundred thirteen
514,Five hundred Fourteen
515,Five hundred fifteen
516,Five hundred Sixteen
517,Five hundred Seventeen
518,Five hundred eighteen
519,Five hundred Nineteen
520,Five hundred twenty
521,Five hundred twenty-One
522,Five hundred twenty-Two
523,Five hundred twenty-Three
524,Five hundred twenty-Four
525,Five hundred twenty-Five
526,Five hundred twenty-Six
527,Five hundred twenty-Seven
528,Five hundred twenty-Eight
529,Five hundred twenty-Nine
530,Five hundred thirty
531,Five hundred thirty-One
532,Five hundred thirty-Two
533,Five hundred thirty-Three
534,Five hundred thirty-Four
535,Five hundred thirty-Five
536,Five hundred thirty-Six
537,Five hundred thirty-Seven
538,Five hundred thirty-Eight
539,Five hundred thirty-Nine
540,Five hundred forty
541,Five hundred forty-One
542,Five hundred forty-Two
543,Five hundred forty-Three
544,Five hundred forty-Four
545,Five hundred forty-Five
546,Five hundred forty-Six
547,Five hundred forty-Seven
548,Five hundred forty-Eight
549,Five hundred forty-Nine
550,Five hundred fifty
551,Five hundred fifty-One
552,Five hundred fifty-Two
553,Five hundred fifty-Three
554,Five hundred fifty-Four
555,Five hundred fifty-Five
556,Five hundred fifty-Six
557,Five hundred fifty-Seven
558,Five hundred fifty-Eight
559,Five hundred fifty-Nine
560,Five hundred Sixty
561,Five hundred Sixty-One
562,Five hundred Sixty-Two
563,Five hundred Sixty-Three
564,Five hundred Sixty-Four
565,Five hundred Sixty-Five
566,Five hundred Sixty-Six
567,Five hundred Sixty-Seven
568,Five hundred Sixty-Eight
569,Five hundred Sixty-Nine
570,Five hundred Seventy
571,Five hundred Seventy-One
572,Five hundred Seventy-Two
573,Five hundred Seventy-Three
574,Five hundred Seventy-Four
575,Five hundred Seventy-Five
576,Five hundred Seventy-Six
577,Five hundred Seventy-Seven
578,Five hundred Seventy-Eight
579,Five hundred Seventy-Nine
580,Five hundred eighty
581,Five hundred eighty-One
582,Five hundred eighty-Two
583,Five hundred eighty-Three
584,Five hundred eighty-Four
585,Five hundred eighty-Five
586,Five hundred eighty-Six
587,Five hundred eighty-Seven
588,Five hundred eighty-Eight
589,Five hundred eighty-Nine
590,Five hundred Ninety
591,Five hundred Ninety-One
592,Five hundred Ninety-Two
593,Five hundred Ninety-Three
594,Five hundred Ninety-Four
595,Five hundred Ninety-Five
596,Five hundred Ninety-Six
597,Five hundred Ninety-Seven
598,Five hundred Ninety-Eight
599,Five hundred Ninety-Nine
600,Six hundred
601,Six hundred One
602,Six hundred Two
603,Six hundred Three
604,Six hundred Four
605,Six hundred Five
606,Six hundred Six
607,Six hundred Seven
608,Six hundred Eight
609,Six hundred Nine
610,Six hundred ten
611,Six hundred eleven
612,Six hundred twelve
613,Six hundred thirteen
614,Six hundred Fourteen
615,Six hundred fifteen
616,Six hundred Sixteen
617,Six hundred Seventeen
618,Six hundred eighteen
619,Six hundred Nineteen
620,Six hundred twenty
621,Six hundred twenty-One
622,Six hundred twenty-Two
623,Six hundred twenty-Three
624,Six hundred twenty-Four
625,Six hundred twenty-Five
626,Six hundred twenty-Six
627,Six hundred twenty-Seven
628,Six hundred twenty-Eight
629,Six hundred twenty-Nine
630,Six hundred thirty
631,Six hundred thirty-One
632,Six hundred thirty-Two
633,Six hundred thirty-Three
634,Six hundred thirty-Four
635,Six hundred thirty-Five
636,Six hundred thirty-Six
637,Six hundred thirty-Seven
638,Six hundred thirty-Eight
639,Six hundred thirty-Nine
640,Six hundred forty
641,Six hundred forty-One
642,Six hundred forty-Two
643,Six hundred forty-Three
644,Six hundred forty-Four
645,Six hundred forty-Five
646,Six hundred forty-Six
647,Six hundred forty-Seven
648,Six hundred forty-Eight
649,Six hundred forty-Nine
650,Six hundred fifty
651,Six hundred fifty-One
652,Six hundred fifty-Two
653,Six hundred fifty-Three
654,Six hundred fifty-Four
655,Six hundred fifty-Five
656,Six hundred fifty-Six
657,Six hundred fifty-Seven
658,Six hundred fifty-Eight
659,Six hundred fifty-Nine
660,Six hundred Sixty
661,Six hundred Sixty-One
662,Six hundred Sixty-Two
663,Six hundred Sixty-Three
664,Six hundred Sixty-Four
665,Six hundred Sixty-Five
666,Six hundred Sixty-Six
667,Six hundred Sixty-Seven
668,Six hundred Sixty-Eight
669,Six hundred Sixty-Nine
670,Six hundred Seventy
671,Six hundred Seventy-One
672,Six hundred Seventy-Two
673,Six hundred Seventy-Three
674,Six hundred Seventy-Four
675,Six hundred Seventy-Five
676,Six hundred Seventy-Six
677,Six hundred Seventy-Seven
678,Six hundred Seventy-Eight
679,Six hundred Seventy-Nine
680,Six hundred eighty
681,Six hundred eighty-One
682,Six hundred eighty-Two
683,Six hundred eighty-Three
684,Six hundred eighty-Four
685,Six hundred eighty-Five
686,Six hundred eighty-Six
687,Six hundred eighty-Seven
688,Six hundred eighty-Eight
689,Six hundred eighty-Nine
690,Six hundred Ninety
691,Six hundred Ninety-One
692,Six hundred Ninety-Two
693,Six hundred Ninety-Three
694,Six hundred Ninety-Four
695,Six hundred Ninety-Five
696,Six hundred Ninety-Six
697,Six hundred Ninety-Seven
698,Six hundred Ninety-Eight
699,Six hundred Ninety-Nine
700,Seven hundred
701,Seven hundred One
702,Seven hundred Two
703,Seven hundred Three
704,Seven hundred Four
705,Seven hundred Five
706,Seven hundred Six
707,Seven hundred Seven
708,Seven hundred Eight
709,Seven hundred Nine
710,Seven hundred ten
711,Seven hundred eleven
712,Seven hundred twelve
713,Seven hundred thirteen
714,Seven hundred Fourteen
715,Seven hundred fifteen
716,Seven hundred Sixteen
717,Seven hundred Seventeen
718,Seven hundred eighteen
719,Seven hundred Nineteen
720,Seven hundred twenty
721,Seven hundred twenty-One
722,Seven hundred twenty-Two
723,Seven hundred twenty-Three
724,Seven hundred twenty-Four
725,Seven hundred twenty-Five
726,Seven hundred twenty-Six
727,Seven hundred twenty-Seven
728,Seven hundred twenty-Eight
729,Seven hundred twenty-Nine
730,Seven hundred thirty
731,Seven hundred thirty-One
732,Seven hundred thirty-Two
733,Seven hundred thirty-Three
734,Seven hundred thirty-Four
735,Seven hundred thirty-Five
736,Seven hundred thirty-Six
737,Seven hundred thirty-Seven
738,Seven hundred thirty-Eight
739,Seven hundred thirty-Nine
740,Seven hundred forty
741,Seven hundred forty-One
742,Seven hundred forty-Two
743,Seven hundred forty-Three
744,Seven hundred forty-Four
745,Seven hundred forty-Five
746,Seven hundred forty-Six
747,Seven hundred forty-Seven
748,Seven hundred forty-Eight
749,Seven hundred forty-Nine
750,Seven hundred fifty
751,Seven hundred fifty-One
752,Seven hundred fifty-Two
753,Seven hundred fifty-Three
754,Seven hundred fifty-Four
755,Seven hundred fifty-Five
756,Seven hundred fifty-Six
757,Seven hundred fifty-Seven
758,Seven hundred fifty-Eight
759,Seven hundred fifty-Nine
760,Seven hundred Sixty
761,Seven hundred Sixty-One
762,Seven hundred Sixty-Two
763,Seven hundred Sixty-Three
764,Seven hundred Sixty-Four
765,Seven hundred Sixty-Five
766,Seven hundred Sixty-Six
767,Seven hundred Sixty-Seven
768,Seven hundred Sixty-Eight
769,Seven hundred Sixty-Nine
770,Seven hundred Seventy
771,Seven hundred Seventy-One
772,Seven hundred Seventy-Two
773,Seven hundred Seventy-Three
774,Seven hundred Seventy-Four
775,Seven hundred Seventy-Five
776,Seven hundred Seventy-Six
777,Seven hundred Seventy-Seven
778,Seven hundred Seventy-Eight
779,Seven hundred Seventy-Nine
780,Seven hundred eighty
781,Seven hundred eighty-One
782,Seven hundred eighty-Two
783,Seven hundred eighty-Three
784,Seven hundred eighty-Four
785,Seven hundred eighty-Five
786,Seven hundred eighty-Six
787,Seven hundred eighty-Seven
788,Seven hundred eighty-Eight
789,Seven hundred eighty-Nine
790,Seven hundred Ninety
791,Seven hundred Ninety-One
792,Seven hundred Ninety-Two
793,Seven hundred Ninety-Three
794,Seven hundred Ninety-Four
795,Seven hundred Ninety-Five
796,Seven hundred Ninety-Six
797,Seven hundred Ninety-Seven
798,Seven hundred Ninety-Eight
799,Seven hundred Ninety-Nine
800,Eight hundred
801,Eight hundred One
802,Eight hundred Two
803,Eight hundred Three
804,Eight hundred Four
805,Eight hundred Five
806,Eight hundred Six
807,Eight hundred Seven
808,Eight hundred Eight
809,Eight hundred Nine
810,Eight hundred ten
811,Eight hundred eleven
812,Eight hundred twelve
813,Eight hundred thirteen
814,Eight hundred Fourteen
815,Eight hundred fifteen
816,Eight hundred Sixteen
817,Eight hundred Seventeen
818,Eight hundred eighteen
819,Eight hundred Nineteen
820,Eight hundred twenty
821,Eight hundred twenty-One
822,Eight hundred twenty-Two
823,Eight hundred twenty-Three
824,Eight hundred twenty-Four
825,Eight hundred twenty-Five
826,Eight hundred twenty-Six
827,Eight hundred twenty-Seven
828,Eight hundred twenty-Eight
829,Eight hundred twenty-Nine
830,Eight hundred thirty
831,Eight hundred thirty-One
832,Eight hundred thirty-Two
833,Eight hundred thirty-Three
834,Eight hundred thirty-Four
835,Eight hundred thirty-Five
836,Eight hundred thirty-Six
837,Eight hundred thirty-Seven
838,Eight hundred thirty-Eight
839,Eight hundred thirty-Nine
840,Eight hundred forty
841,Eight hundred forty-One
842,Eight hundred forty-Two
843,Eight hundred forty-Three
844,Eight hundred forty-Four
845,Eight hundred forty-Five
846,Eight hundred forty-Six
847,Eight hundred forty-Seven
848,Eight hundred forty-Eight
849,Eight hundred forty-Nine
850,Eight hundred fifty
851,Eight hundred fifty-One
852,Eight hundred fifty-Two
853,Eight hundred fifty-Three
854,Eight hundred fifty-Four
855,Eight hundred fifty-Five
856,Eight hundred fifty-Six
857,Eight hundred fifty-Seven
858,Eight hundred fifty-Eight
859,Eight hundred fifty-Nine
860,Eight hundred Sixty
861,Eight hundred Sixty-One
862,Eight hundred Sixty-Two
863,Eight hundred Sixty-Three
864,Eight hundred Sixty-Four
865,Eight hundred Sixty-Five
866,Eight hundred Sixty-Six
867,Eight hundred Sixty-Seven
868,Eight hundred Sixty-Eight
869,Eight hundred Sixty-Nine
870,Eight hundred Seventy
871,Eight hundred Seventy-One
872,Eight hundred Seventy-Two
873,Eight hundred Seventy-Three
874,Eight hundred Seventy-Four
875,Eight hundred Seventy-Five
876,Eight hundred Seventy-Six
877,Eight hundred Seventy-Seven
878,Eight hundred Seventy-Eight
879,Eight hundred Seventy-Nine
880,Eight hundred eighty
881,Eight hundred eighty-One
882,Eight hundred eighty-Two
883,Eight hundred eighty-Three
884,Eight hundred eighty-Four
885,Eight hundred eighty-Five
886,Eight hundred eighty-Six
887,Eight hundred eighty-Seven
888,Eight hundred eighty-Eight
889,Eight hundred eighty-Nine
890,Eight hundred Ninety
891,Eight hundred Ninety-One
892,Eight hundred Ninety-Two
893,Eight hundred Ninety-Three
894,Eight hundred Ninety-Four
895,Eight hundred Ninety-Five
896,Eight hundred Ninety-Six
897,Eight hundred Ninety-Seven
898,Eight hundred Ninety-Eight
899,Eight hundred Ninety-Nine
900,Nine hundred
901,Nine hundred One
902,Nine hundred Two
903,Nine hundred Three
904,Nine hundred Four
905,Nine hundred Five
906,Nine hundred Six
907,Nine hundred Seven
908,Nine hundred Eight
909,Nine hundred Nine
910,Nine hundred ten
911,Nine hundred eleven
912,Nine hundred twelve
913,Nine hundred thirteen
914,Nine hundred Fourteen
915,Nine hundred fifteen
916,Nine hundred Sixteen
917,Nine hundred Seventeen
918,Nine hundred eighteen
919,Nine hundred Nineteen
920,Nine hundred twenty
921,Nine hundred twenty-One
922,Nine hundred twenty-Two
923,Nine hundred twenty-Three
924,Nine hundred twenty-Four
925,Nine hundred twenty-Five
926,Nine hundred twenty-Six
927,Nine hundred twenty-Seven
928,Nine hundred twenty-Eight
929,Nine hundred twenty-Nine
930,Nine hundred thirty
931,Nine hundred thirty-One
932,Nine hundred thirty-Two
933,Nine hundred thirty-Three
934,Nine hundred thirty-Four
935,Nine hundred thirty-Five
936,Nine hundred thirty-Six
937,Nine hundred thirty-Seven
938,Nine hundred thirty-Eight
939,Nine hundred thirty-Nine
940,Nine hundred forty
941,Nine hundred forty-One
942,Nine hundred forty-Two
943,Nine hundred forty-Three
944,Nine hundred forty-Four
945,Nine hundred forty-Five
946,Nine hundred forty-Six
947,Nine hundred forty-Seven
948,Nine hundred forty-Eight
949,Nine hundred forty-Nine
950,Nine hundred fifty
951,Nine hundred fifty-One
952,Nine hundred fifty-Two
953,Nine hundred fifty-Three
954,Nine hundred fifty-Four
955,Nine hundred fifty-Five
956,Nine hundred fifty-Six
957,Nine hundred fifty-Seven
958,Nine hundred fifty-Eight
959,Nine hundred fifty-Nine
960,Nine hundred Sixty
961,Nine hundred Sixty-One
962,Nine hundred Sixty-Two
963,Nine hundred Sixty-Three
964,Nine hundred Sixty-Four
965,Nine hundred Sixty-Five
966,Nine hundred Sixty-Six
967,Nine hundred Sixty-Seven
968,Nine hundred Sixty-Eight
969,Nine hundred Sixty-Nine
970,Nine hundred Seventy
971,Nine hundred Seventy-One
972,Nine hundred Seventy-Two
973,Nine hundred Seventy-Three
974,Nine hundred Seventy-Four
975,Nine hundred Seventy-Five
976,Nine hundred Seventy-Six
977,Nine hundred Seventy-Seven
978,Nine hundred Seventy-Eight
979,Nine hundred Seventy-Nine
980,Nine hundred eighty
981,Nine hundred eighty-One
982,Nine hundred eighty-Two
983,Nine hundred eighty-Three
984,Nine hundred eighty-Four
985,Nine hundred eighty-Five
986,Nine hundred eighty-Six
987,Nine hundred eighty-Seven
988,Nine hundred eighty-Eight
989,Nine hundred eighty-Nine
990,Nine hundred Ninety
991,Nine hundred Ninety-One
992,Nine hundred Ninety-Two
993,Nine hundred Ninety-Three
994,Nine hundred Ninety-Four
995,Nine hundred Ninety-Five
996,Nine hundred Ninety-Six
997,Nine hundred Ninety-Seven
998,Nine hundred Ninety-Eight
999,Nine hundred Ninety-Nine
1000,One Thousand
